{
    "original_mean_intensity": 0.0854555293917656,
    "augmented_means": [
        0.0854555293917656,
        0.0894453376531601,
        0.09623192250728607,
        0.08698350191116333,
        0.08537878841161728,
        0.08002674579620361
    ],
    "augmentation_shift_std": 0.004906837746812856
}