{
    "epochs": [
        1,
        2,
        3,
        4,
        5,
        6,
        7,
        8,
        9,
        10,
        11,
        12,
        13,
        14,
        15
    ],
    "train_loss": [
        0.03296801075339317,
        0.022867782041430473,
        0.016914725303649902,
        0.013321875594556332,
        0.010887924581766129,
        0.009134258143603802,
        0.008010785095393658,
        0.007091252598911524,
        0.0064729549922049046,
        0.005938664544373751,
        0.005569128785282373,
        0.005190937779843807,
        0.004944569896906614,
        0.00468944339081645,
        0.004551013931632042
    ],
    "val_loss": [
        0.028046879917383194,
        0.0206835325807333,
        0.016071507707238197,
        0.012837094254791737,
        0.011450335383415222,
        0.009532168507575989,
        0.008863188326358795,
        0.007463643793016672,
        0.007748351898044348,
        0.007214878220111132,
        0.006551646161824465,
        0.00619609234854579,
        0.006059349048882723,
        0.005844977218657732,
        0.0056633902713656425
    ],
    "train_acc": [
        0.9957807660102844,
        0.996345579624176,
        0.9967320561408997,
        0.99695885181427,
        0.9971693754196167,
        0.9973748326301575,
        0.997488796710968,
        0.9976270794868469,
        0.9977129101753235,
        0.9978148341178894,
        0.9978852868080139,
        0.9979836940765381,
        0.9980435371398926,
        0.9981146454811096,
        0.998144268989563
    ],
    "val_acc": [
        0.9954428672790527,
        0.9962061643600464,
        0.9963896870613098,
        0.9967806339263916,
        0.9966505169868469,
        0.9970683455467224,
        0.997094452381134,
        0.9974129796028137,
        0.9971475601196289,
        0.9974006414413452,
        0.9975758194923401,
        0.9976626038551331,
        0.9976390600204468,
        0.9977269172668457,
        0.9977233409881592
    ],
    "train_dice": [
        0.6387709379196167,
        0.7273178696632385,
        0.7909480929374695,
        0.8343941569328308,
        0.8656969666481018,
        0.8890768885612488,
        0.9045448899269104,
        0.9169175624847412,
        0.925557553768158,
        0.9326626062393188,
        0.9376999139785767,
        0.9423766136169434,
        0.9455970525741577,
        0.9487341046333313,
        0.9505831003189087
    ],
    "val_dice": [
        0.682654082775116,
        0.7530509829521179,
        0.8062474727630615,
        0.8437647223472595,
        0.8718156814575195,
        0.8951875567436218,
        0.902080237865448,
        0.9176971912384033,
        0.9191481471061707,
        0.9297696352005005,
        0.9359079599380493,
        0.9403504729270935,
        0.9384804368019104,
        0.9436944127082825,
        0.9426543712615967
    ]
}